Promotion,Mean_Sales,Median_Sales,StdDev,Upper_Error,Lower_Error
1,58.09901162790698,55.385000000000005,16.553781697578724,74.6527933254857,41.54522993032826
2,47.32941489361702,45.385000000000005,15.1089547828128,62.438369676429815,32.22046011080421
3,55.36446808510639,51.165,16.766230774027893,72.13069885913428,38.59823731107849
